transaction_id,month,month_number,department,category,subcategory,vendor,actual_amount,budget_amount,variance_amt,variance_pct,status,approver,notes
TXN-1001,May-24,11,Business Banking,Staff Costs,Training,LinkedIn Learning,25187.23,26378.44,-1191.21,-4.52,On Track,R.Wong,
TXN-1002,Aug-23,2,Risk,Professional Fees,Legal Fees,Herbert Smith Freehills,8747.81,8280.08,467.73,5.65,Monitor,R.Wong,
TXN-1003,Jul-23,1,Finance,Technology,Cybersecurity,Various Suppliers,7341.68,7472.75,-131.07,-1.75,On Track,J.Smith,
TXN-1004,Sep-23,3,IT,Occupancy,Maintenance,Various Suppliers,7090.96,7464.65,-373.69,-5.01,Monitor,J.Smith,
TXN-1005,Aug-23,2,IT,Staff Costs,Training,KPMG Training,54486.9,57833.79,-3346.89,-5.79,Monitor,A.Johnson,
TXN-1006,Mar-24,9,Business Banking,Professional Fees,Legal Fees,MinterEllison,16727.13,17157.48,-430.35,-2.51,On Track,S.Patel,
TXN-1007,Apr-24,10,Insurance,Operations,Postage,Various Suppliers,8104.53,8547.15,-442.62,-5.18,Monitor,J.Smith,
TXN-1008,Oct-23,4,Business Banking,Professional Fees,Consulting,Deloitte,30427.38,29604.82,822.56,2.78,On Track,S.Patel,
TXN-1009,Dec-23,6,Insurance,Operations,Travel,Airbnb Business,11271.53,11605.25,-333.72,-2.88,On Track,R.Wong,
TXN-1010,May-24,11,Wealth Management,Marketing,Events,Various Suppliers,5815.99,5548.39,267.6,4.82,On Track,R.Wong,
TXN-1011,Oct-23,4,Operations,Staff Costs,Superannuation,AustralianSuper,69988.53,68605.06,1383.47,2.02,On Track,J.Smith,
TXN-1012,Oct-23,4,Risk,Operations,Travel,Qantas,8037.54,7869.77,167.77,2.13,On Track,A.Johnson,
TXN-1013,Sep-23,3,Markets,Technology,Cloud Services,Google Cloud,16376.26,15599.18,777.08,4.98,On Track,R.Wong,
TXN-1014,Jan-24,7,Risk,Professional Fees,Consulting,Boston Consulting,44893.03,41645.75,3247.28,7.8,Monitor,A.Johnson,
TXN-1015,Aug-23,2,Retail Banking,Staff Costs,Superannuation,Hostplus,20318.61,21052.04,-733.43,-3.48,On Track,R.Wong,
TXN-1016,Aug-23,2,IT,Professional Fees,Compliance,Various Suppliers,26164.57,28629.68,-2465.11,-8.61,Monitor,J.Smith,
TXN-1017,May-24,11,Business Banking,Operations,Subscriptions,Various Suppliers,9338.89,9040.37,298.52,3.3,On Track,S.Patel,
TXN-1018,Jan-24,7,Wealth Management,Professional Fees,Legal Fees,MinterEllison,40034.12,38139.62,1894.5,4.97,On Track,R.Wong,
TXN-1019,Sep-23,3,Finance,Staff Costs,Training,Deloitte Academy,47090.04,44254.38,2835.66,6.41,Monitor,S.Patel,
TXN-1020,Sep-23,3,Finance,Marketing,Advertising,News Corp,6118.97,5643.98,474.99,8.42,Monitor,S.Patel,
TXN-1021,Nov-23,5,Insurance,Staff Costs,Superannuation,Hostplus,80915.11,74209.73,6705.38,9.04,Monitor,A.Johnson,
TXN-1022,Aug-23,2,Finance,Technology,Cloud Services,Google Cloud,14094.98,14235.38,-140.4,-0.99,On Track,S.Patel,
TXN-1023,Mar-24,9,Risk,Professional Fees,Audit Fees,KPMG,33517.96,32840.85,677.11,2.06,On Track,S.Patel,
TXN-1024,Feb-24,8,Finance,Professional Fees,Legal Fees,Herbert Smith Freehills,13987.89,13534.92,452.97,3.35,On Track,R.Wong,
TXN-1025,Mar-24,9,Insurance,Marketing,Events,Various Suppliers,1316.42,1350.94,-34.52,-2.56,On Track,M.Chen,
TXN-1026,Aug-23,2,Retail Banking,Occupancy,Rent,Charter Hall,7522.09,7776.3,-254.21,-3.27,On Track,M.Chen,
TXN-1027,Mar-24,9,Wealth Management,Operations,Subscriptions,Various Suppliers,3294.47,3276.66,17.81,0.54,On Track,A.Johnson,
TXN-1028,Oct-23,4,Business Banking,Staff Costs,Recruitment,Various Suppliers,40615.55,40347.69,267.86,0.66,On Track,J.Smith,
TXN-1029,May-24,11,Business Banking,Staff Costs,Recruitment,Various Suppliers,69645.62,64203.08,5442.54,8.48,Monitor,M.Chen,
TXN-1030,Oct-23,4,Finance,Professional Fees,Audit Fees,EY,12339.52,12247.29,92.23,0.75,On Track,J.Smith,
TXN-1031,Feb-24,8,Finance,Staff Costs,Salaries,Payroll Direct,82612.71,89657.38,-7044.67,-7.86,Approved,M.Chen,
TXN-1032,Sep-23,3,IT,Professional Fees,Advisory,Various Suppliers,39586.02,42772.24,-3186.22,-7.45,Monitor,M.Chen,
TXN-1033,Jan-24,7,Retail Banking,Professional Fees,Consulting,Deloitte,16409.97,17055.18,-645.21,-3.78,On Track,R.Wong,
TXN-1034,May-24,11,HR,Technology,Cloud Services,Azure,7269.07,6627.19,641.88,9.69,Monitor,R.Wong,
TXN-1035,Jul-23,1,Operations,Staff Costs,Salaries,Payroll Direct,46719.48,50015.26,-3295.78,-6.59,Approved,M.Chen,
TXN-1036,Jul-23,1,Finance,Staff Costs,Superannuation,AustralianSuper,53817.7,55703.61,-1885.91,-3.39,On Track,M.Chen,
TXN-1037,Jan-24,7,Business Banking,Marketing,Events,Various Suppliers,7622.89,7499.74,123.15,1.64,On Track,R.Wong,
TXN-1038,Apr-24,10,Finance,Occupancy,Maintenance,Various Suppliers,15724.79,15140.41,584.38,3.86,On Track,S.Patel,
TXN-1039,Jan-24,7,Wealth Management,Operations,Travel,Virgin Australia,4136.04,4344.38,-208.34,-4.8,On Track,J.Smith,
TXN-1040,Jul-23,1,HR,Marketing,Sponsorship,Various Suppliers,1342.5,1265.48,77.02,6.09,Monitor,S.Patel,
TXN-1041,Sep-23,3,Operations,Staff Costs,Superannuation,REST Super,29944.03,29573.83,370.2,1.25,On Track,R.Wong,
TXN-1042,Jun-24,12,Markets,Marketing,Sponsorship,Various Suppliers,8180.43,8269.76,-89.33,-1.08,On Track,J.Smith,
TXN-1043,Sep-23,3,Markets,Staff Costs,Salaries,Payroll Direct,28970.81,29578.21,-607.4,-2.05,Approved,S.Patel,
TXN-1044,Oct-23,4,Markets,Marketing,Print,Various Suppliers,10911.37,11666.66,-755.29,-6.47,Monitor,J.Smith,
TXN-1045,May-24,11,IT,Occupancy,Rent,Dexus Property,9337.57,8648.12,689.45,7.97,Monitor,S.Patel,
TXN-1046,Sep-23,3,HR,Marketing,Print,Various Suppliers,1786.55,1945.57,-159.02,-8.17,Monitor,M.Chen,
TXN-1047,Mar-24,9,Retail Banking,Occupancy,Cleaning,Various Suppliers,11165.95,10142.77,1023.18,10.09,Monitor,S.Patel,
TXN-1048,Jul-23,1,Operations,Technology,Cloud Services,Google Cloud,4224.03,4460.67,-236.64,-5.31,Monitor,A.Johnson,
TXN-1049,Apr-24,10,Wealth Management,Technology,Cloud Services,AWS,24857.53,22495.0,2362.53,10.5,Monitor,S.Patel,
TXN-1050,Jan-24,7,Insurance,Occupancy,Utilities,Sydney Water,5053.82,5429.99,-376.17,-6.93,Monitor,A.Johnson,
TXN-1051,Oct-23,4,Insurance,Professional Fees,Consulting,Accenture,37821.46,40630.26,-2808.8,-6.91,Monitor,M.Chen,
TXN-1052,Jul-23,1,Insurance,Professional Fees,Consulting,Accenture,39574.12,43269.47,-3695.35,-8.54,Monitor,S.Patel,
TXN-1053,Dec-23,6,Finance,Professional Fees,Compliance,Various Suppliers,42569.49,39294.55,3274.94,8.33,Monitor,S.Patel,
TXN-1054,Sep-23,3,Risk,Occupancy,Rent,Dexus Property,14334.85,13892.44,442.41,3.18,On Track,S.Patel,
TXN-1055,Jan-24,7,Risk,Marketing,Advertising,oOh!media,10844.3,10172.12,672.18,6.61,Monitor,J.Smith,
TXN-1056,Jun-24,12,IT,Staff Costs,Benefits,Various Suppliers,36045.05,32944.99,3100.06,9.41,Monitor,S.Patel,
TXN-1057,Apr-24,10,Operations,Operations,Postage,Various Suppliers,6331.91,6543.26,-211.35,-3.23,On Track,S.Patel,
TXN-1058,Jan-24,7,Markets,Marketing,Events,Various Suppliers,5335.13,5805.01,-469.88,-8.09,Monitor,M.Chen,
TXN-1059,Apr-24,10,Risk,Occupancy,Security,Various Suppliers,8773.62,8265.07,508.55,6.15,Monitor,R.Wong,
TXN-1060,Apr-24,10,Operations,Professional Fees,Advisory,Various Suppliers,32025.09,32096.66,-71.57,-0.22,On Track,M.Chen,
TXN-1061,May-24,11,Business Banking,Occupancy,Cleaning,Various Suppliers,4774.36,5205.96,-431.6,-8.29,Monitor,M.Chen,
TXN-1062,May-24,11,Markets,Technology,Cloud Services,AWS,2147.27,2037.69,109.58,5.38,Monitor,A.Johnson,
TXN-1063,Apr-24,10,Business Banking,Professional Fees,Advisory,Various Suppliers,33733.84,32951.07,782.77,2.38,On Track,A.Johnson,
TXN-1064,Oct-23,4,Wealth Management,Operations,Postage,Various Suppliers,9451.83,8920.34,531.49,5.96,Monitor,R.Wong,
TXN-1065,Feb-24,8,Retail Banking,Marketing,Events,Various Suppliers,5749.31,6095.9,-346.59,-5.69,Monitor,R.Wong,
TXN-1066,Mar-24,9,Risk,Occupancy,Security,Various Suppliers,18780.81,18960.62,-179.81,-0.95,On Track,M.Chen,
TXN-1067,Jun-24,12,HR,Professional Fees,Consulting,Boston Consulting,38594.52,36875.61,1718.91,4.66,On Track,R.Wong,
TXN-1068,Feb-24,8,Insurance,Occupancy,Security,Various Suppliers,16557.35,15678.13,879.22,5.61,Monitor,S.Patel,
TXN-1069,Dec-23,6,Finance,Staff Costs,Superannuation,AustralianSuper,25807.13,26808.19,-1001.06,-3.73,On Track,M.Chen,
TXN-1070,Aug-23,2,IT,Professional Fees,Consulting,Deloitte,21630.97,20362.68,1268.29,6.23,Monitor,A.Johnson,
TXN-1071,Jan-24,7,Risk,Operations,Postage,Various Suppliers,5985.27,6515.26,-529.99,-8.13,Monitor,S.Patel,
TXN-1072,Jan-24,7,IT,Marketing,Sponsorship,Various Suppliers,6114.64,5836.96,277.68,4.76,On Track,A.Johnson,
TXN-1073,Jul-23,1,IT,Occupancy,Security,Various Suppliers,18969.61,20561.32,-1591.71,-7.74,Monitor,R.Wong,
TXN-1074,Mar-24,9,Retail Banking,Professional Fees,Compliance,Various Suppliers,8357.9,8238.57,119.33,1.45,On Track,A.Johnson,
TXN-1075,Sep-23,3,Retail Banking,Occupancy,Security,Various Suppliers,7021.55,6778.39,243.16,3.59,On Track,A.Johnson,
TXN-1076,Nov-23,5,IT,Occupancy,Rent,GPT Group,3368.28,3394.83,-26.55,-0.78,On Track,S.Patel,
TXN-1077,Oct-23,4,Business Banking,Operations,Postage,Various Suppliers,11420.53,10733.84,686.69,6.4,Monitor,J.Smith,
TXN-1078,Apr-24,10,Wealth Management,Technology,Cloud Services,Azure,19240.66,19486.82,-246.16,-1.26,On Track,M.Chen,
TXN-1079,Feb-24,8,Markets,Occupancy,Utilities,Sydney Water,14537.7,15258.55,-720.85,-4.72,On Track,J.Smith,
TXN-1080,Sep-23,3,Markets,Staff Costs,Benefits,Various Suppliers,79524.31,80729.85,-1205.54,-1.49,On Track,A.Johnson,
TXN-1081,Jan-24,7,Insurance,Staff Costs,Benefits,Various Suppliers,15846.4,16709.97,-863.57,-5.17,Monitor,R.Wong,
TXN-1082,Aug-23,2,Risk,Staff Costs,Training,Deloitte Academy,40985.11,39924.18,1060.93,2.66,On Track,R.Wong,
TXN-1083,May-24,11,Operations,Staff Costs,Recruitment,Various Suppliers,16126.49,17612.67,-1486.18,-8.44,Monitor,A.Johnson,
TXN-1084,Jun-24,12,Wealth Management,Professional Fees,Audit Fees,Deloitte,29636.49,32123.69,-2487.2,-7.74,Monitor,A.Johnson,
TXN-1085,Feb-24,8,IT,Operations,Subscriptions,Various Suppliers,4206.5,3992.39,214.11,5.36,Monitor,J.Smith,
TXN-1086,Nov-23,5,HR,Technology,IT Support,Various Suppliers,10414.51,10402.65,11.86,0.11,On Track,S.Patel,
TXN-1087,Sep-23,3,HR,Technology,Hardware,Various Suppliers,10518.98,11319.1,-800.12,-7.07,Monitor,S.Patel,
TXN-1088,Mar-24,9,Retail Banking,Marketing,Events,Various Suppliers,3275.59,3214.29,61.3,1.91,On Track,R.Wong,
TXN-1089,Oct-23,4,HR,Operations,Entertainment,Various Suppliers,9618.73,8835.87,782.86,8.86,Monitor,M.Chen,
TXN-1090,Jan-24,7,Insurance,Occupancy,Cleaning,Various Suppliers,11991.95,12066.11,-74.16,-0.61,On Track,A.Johnson,
TXN-1091,Jun-24,12,Finance,Occupancy,Maintenance,Various Suppliers,8147.41,7742.33,405.08,5.23,Monitor,J.Smith,
TXN-1092,Jun-24,12,Insurance,Occupancy,Rent,Charter Hall,13181.42,13872.63,-691.21,-4.98,On Track,M.Chen,
TXN-1093,Oct-23,4,Insurance,Operations,Entertainment,Various Suppliers,8832.73,9674.68,-841.95,-8.7,Monitor,R.Wong,
TXN-1094,Apr-24,10,Markets,Staff Costs,Superannuation,REST Super,25516.2,23880.31,1635.89,6.85,Monitor,J.Smith,
TXN-1095,Jun-24,12,Finance,Technology,Hardware,Various Suppliers,27318.82,27610.36,-291.54,-1.06,On Track,M.Chen,
TXN-1096,May-24,11,HR,Staff Costs,Salaries,Payroll Direct,44143.56,43617.98,525.58,1.2,Approved,M.Chen,
TXN-1097,Jul-23,1,Markets,Professional Fees,Legal Fees,Herbert Smith Freehills,21028.3,19237.03,1791.27,9.31,Monitor,J.Smith,
TXN-1098,Sep-23,3,Wealth Management,Marketing,Digital Marketing,Various Suppliers,11930.06,11019.68,910.38,8.26,Monitor,A.Johnson,
TXN-1099,Apr-24,10,Risk,Marketing,Events,Various Suppliers,5680.92,5615.84,65.08,1.16,On Track,R.Wong,
TXN-1100,Jan-24,7,Markets,Marketing,Sponsorship,Various Suppliers,7510.76,7871.41,-360.65,-4.58,On Track,M.Chen,
TXN-1101,May-24,11,Insurance,Occupancy,Rent,Dexus Property,7557.44,7636.03,-78.59,-1.03,On Track,M.Chen,
TXN-1102,Jul-23,1,IT,Professional Fees,Compliance,Various Suppliers,16650.37,15756.17,894.2,5.68,Monitor,S.Patel,
TXN-1103,Jun-24,12,HR,Staff Costs,Superannuation,REST Super,68662.76,70380.13,-1717.37,-2.44,On Track,M.Chen,
TXN-1104,Jan-24,7,Business Banking,Marketing,Events,Various Suppliers,10946.73,11661.84,-715.11,-6.13,Monitor,J.Smith,
TXN-1105,Jul-23,1,Wealth Management,Occupancy,Cleaning,Various Suppliers,11343.92,11272.9,71.02,0.63,On Track,S.Patel,
TXN-1106,Jun-24,12,IT,Occupancy,Cleaning,Various Suppliers,11317.42,11539.32,-221.9,-1.92,On Track,A.Johnson,
TXN-1107,Jun-24,12,Operations,Marketing,Digital Marketing,Various Suppliers,1550.26,1693.48,-143.22,-8.46,Monitor,R.Wong,
TXN-1108,Apr-24,10,Retail Banking,Operations,Travel,Airbnb Business,962.66,1012.0,-49.34,-4.88,On Track,A.Johnson,
TXN-1109,Mar-24,9,HR,Occupancy,Utilities,Sydney Water,11281.81,11990.86,-709.05,-5.91,Monitor,J.Smith,
TXN-1110,Feb-24,8,Operations,Professional Fees,Consulting,Accenture,31805.34,34080.9,-2275.56,-6.68,Monitor,S.Patel,
TXN-1111,Jan-24,7,HR,Occupancy,Security,Various Suppliers,11641.69,11209.82,431.87,3.85,On Track,S.Patel,
TXN-1112,Aug-23,2,IT,Marketing,Advertising,oOh!media,5252.35,4924.16,328.19,6.66,Monitor,S.Patel,
TXN-1113,Apr-24,10,HR,Operations,Entertainment,Various Suppliers,2840.92,2868.89,-27.97,-0.97,On Track,S.Patel,
TXN-1114,Feb-24,8,HR,Staff Costs,Salaries,Payroll Direct,62653.28,60281.86,2371.42,3.93,Approved,J.Smith,
TXN-1115,Mar-24,9,IT,Staff Costs,Superannuation,AustralianSuper,43531.49,40201.04,3330.45,8.28,Monitor,M.Chen,
TXN-1116,Feb-24,8,Markets,Marketing,Digital Marketing,Various Suppliers,10099.33,11069.36,-970.03,-8.76,Monitor,M.Chen,
TXN-1117,Feb-24,8,Finance,Technology,IT Support,Various Suppliers,25929.51,25972.25,-42.74,-0.16,On Track,M.Chen,
TXN-1118,Aug-23,2,Markets,Professional Fees,Consulting,Accenture,37821.98,36179.29,1642.69,4.54,On Track,S.Patel,
TXN-1119,Apr-24,10,Risk,Operations,Entertainment,Various Suppliers,5635.3,5617.65,17.65,0.31,On Track,S.Patel,
TXN-1120,Mar-24,9,Finance,Professional Fees,Advisory,Various Suppliers,39784.07,43609.5,-3825.43,-8.77,Monitor,M.Chen,
TXN-1121,Apr-24,10,IT,Technology,IT Support,Various Suppliers,9931.67,9877.99,53.68,0.54,On Track,A.Johnson,
TXN-1122,Jan-24,7,Wealth Management,Professional Fees,Legal Fees,Herbert Smith Freehills,25091.65,25544.21,-452.56,-1.77,On Track,J.Smith,
TXN-1123,Feb-24,8,Business Banking,Marketing,Print,Various Suppliers,8808.1,8649.52,158.58,1.83,On Track,M.Chen,
TXN-1124,Aug-23,2,HR,Occupancy,Maintenance,Various Suppliers,15346.9,16426.6,-1079.7,-6.57,Monitor,R.Wong,
TXN-1125,Jan-24,7,Operations,Operations,Entertainment,Various Suppliers,7600.78,7197.59,403.19,5.6,Monitor,S.Patel,
TXN-1126,Oct-23,4,Business Banking,Professional Fees,Legal Fees,MinterEllison,33155.63,30506.54,2649.09,8.68,Monitor,M.Chen,
TXN-1127,Jun-24,12,Markets,Staff Costs,Salaries,Payroll Direct,69303.05,66439.0,2864.05,4.31,Approved,S.Patel,
TXN-1128,Jan-24,7,Wealth Management,Technology,Cybersecurity,Various Suppliers,16497.09,17462.23,-965.14,-5.53,Monitor,M.Chen,
TXN-1129,Sep-23,3,Business Banking,Marketing,Print,Various Suppliers,6223.17,6326.67,-103.5,-1.64,On Track,M.Chen,
TXN-1130,Feb-24,8,Markets,Professional Fees,Consulting,McKinsey,40956.34,40671.72,284.62,0.7,On Track,S.Patel,
TXN-1131,May-24,11,Finance,Technology,Software Licenses,ServiceNow,26548.74,29138.05,-2589.31,-8.89,Monitor,S.Patel,
TXN-1132,May-24,11,IT,Operations,Travel,Virgin Australia,10221.0,9606.14,614.86,6.4,Monitor,A.Johnson,
TXN-1133,Feb-24,8,Business Banking,Technology,IT Support,Various Suppliers,16732.52,18381.32,-1648.8,-8.97,Monitor,S.Patel,
TXN-1134,Jul-23,1,IT,Occupancy,Rent,Charter Hall,19436.28,20518.15,-1081.87,-5.27,Monitor,J.Smith,
TXN-1135,Apr-24,10,HR,Occupancy,Utilities,Sydney Water,18236.71,17211.82,1024.89,5.95,Monitor,M.Chen,
TXN-1136,Apr-24,10,Markets,Operations,Printing,Various Suppliers,10889.14,11207.84,-318.7,-2.84,On Track,S.Patel,
TXN-1137,Feb-24,8,Retail Banking,Marketing,Digital Marketing,Various Suppliers,1536.53,1473.57,62.96,4.27,On Track,A.Johnson,
TXN-1138,Sep-23,3,Insurance,Technology,Cybersecurity,Various Suppliers,15567.59,16854.99,-1287.4,-7.64,Monitor,M.Chen,
TXN-1139,Nov-23,5,HR,Occupancy,Maintenance,Various Suppliers,11898.3,10887.66,1010.64,9.28,Monitor,M.Chen,
TXN-1140,May-24,11,IT,Marketing,Digital Marketing,Various Suppliers,9592.84,8660.26,932.58,10.77,Monitor,R.Wong,
TXN-1141,Aug-23,2,HR,Occupancy,Maintenance,Various Suppliers,18625.93,20266.1,-1640.17,-8.09,Monitor,J.Smith,
TXN-1142,May-24,11,Insurance,Professional Fees,Legal Fees,MinterEllison,40369.39,40865.19,-495.8,-1.21,On Track,R.Wong,
TXN-1143,Oct-23,4,Business Banking,Operations,Entertainment,Various Suppliers,7966.25,7355.52,610.73,8.3,Monitor,J.Smith,
TXN-1144,Jul-23,1,Markets,Professional Fees,Legal Fees,Herbert Smith Freehills,14392.0,14500.07,-108.07,-0.75,On Track,A.Johnson,
TXN-1145,Feb-24,8,Operations,Operations,Subscriptions,Various Suppliers,7254.41,7583.18,-328.77,-4.34,On Track,A.Johnson,
TXN-1146,May-24,11,Business Banking,Professional Fees,Compliance,Various Suppliers,42562.12,40687.17,1874.95,4.61,On Track,S.Patel,
TXN-1147,Oct-23,4,HR,Professional Fees,Audit Fees,Deloitte,8974.18,9307.45,-333.27,-3.58,On Track,R.Wong,
TXN-1148,May-24,11,Operations,Staff Costs,Recruitment,Various Suppliers,22615.26,20906.27,1708.99,8.17,Monitor,A.Johnson,
TXN-1149,Aug-23,2,Insurance,Operations,Subscriptions,Various Suppliers,1081.65,1045.63,36.02,3.44,On Track,M.Chen,
TXN-1150,Apr-24,10,Insurance,Staff Costs,Benefits,Various Suppliers,53151.5,56479.35,-3327.85,-5.89,Monitor,M.Chen,
TXN-1151,Dec-23,6,Wealth Management,Marketing,Advertising,News Corp,10371.67,9634.63,737.04,7.65,Monitor,M.Chen,
TXN-1152,Mar-24,9,Markets,Technology,Software Licenses,Microsoft,4992.79,4851.24,141.55,2.92,On Track,M.Chen,
TXN-1153,Apr-24,10,Operations,Staff Costs,Superannuation,REST Super,12034.72,12616.52,-581.8,-4.61,On Track,R.Wong,
TXN-1154,Aug-23,2,Business Banking,Professional Fees,Advisory,Various Suppliers,25529.52,23533.39,1996.13,8.48,Monitor,R.Wong,
TXN-1155,Oct-23,4,Risk,Staff Costs,Benefits,Various Suppliers,43269.27,47284.88,-4015.61,-8.49,Monitor,J.Smith,
TXN-1156,Feb-24,8,IT,Professional Fees,Legal Fees,Allens,33496.05,33117.96,378.09,1.14,On Track,J.Smith,
TXN-1157,Dec-23,6,Risk,Technology,Software Licenses,Salesforce,8787.92,9021.81,-233.89,-2.59,On Track,R.Wong,
TXN-1158,Jun-24,12,Operations,Professional Fees,Compliance,Various Suppliers,23148.62,23636.72,-488.1,-2.07,On Track,J.Smith,
TXN-1159,Jun-24,12,Business Banking,Operations,Subscriptions,Various Suppliers,5445.8,5868.49,-422.69,-7.2,Monitor,A.Johnson,
TXN-1160,Dec-23,6,HR,Professional Fees,Advisory,Various Suppliers,17501.93,16845.69,656.24,3.9,On Track,S.Patel,
TXN-1161,Dec-23,6,Wealth Management,Operations,Entertainment,Various Suppliers,1549.09,1420.63,128.46,9.04,Monitor,A.Johnson,
TXN-1162,Aug-23,2,Operations,Technology,Cybersecurity,Various Suppliers,17041.32,17251.22,-209.9,-1.22,On Track,S.Patel,
TXN-1163,May-24,11,Business Banking,Professional Fees,Consulting,Deloitte,39723.69,41479.96,-1756.27,-4.23,On Track,S.Patel,
TXN-1164,Apr-24,10,Markets,Occupancy,Rent,Charter Hall,12640.84,11767.94,872.9,7.42,Monitor,A.Johnson,
TXN-1165,Oct-23,4,Business Banking,Occupancy,Cleaning,Various Suppliers,5182.82,4953.29,229.53,4.63,On Track,M.Chen,
TXN-1166,Jan-24,7,Finance,Marketing,Sponsorship,Various Suppliers,7503.44,7740.3,-236.86,-3.06,On Track,S.Patel,
TXN-1167,Jul-23,1,Wealth Management,Occupancy,Maintenance,Various Suppliers,9669.44,9053.31,616.13,6.81,Monitor,M.Chen,
TXN-1168,Apr-24,10,IT,Staff Costs,Superannuation,Hostplus,56754.24,51426.8,5327.44,10.36,Monitor,R.Wong,
TXN-1169,Oct-23,4,IT,Professional Fees,Advisory,Various Suppliers,11296.37,10870.81,425.56,3.91,On Track,S.Patel,
TXN-1170,Apr-24,10,Risk,Staff Costs,Salaries,Payroll Direct,20120.56,20594.75,-474.19,-2.3,Approved,J.Smith,
TXN-1171,Nov-23,5,HR,Operations,Entertainment,Various Suppliers,7481.37,7352.97,128.4,1.75,On Track,M.Chen,
TXN-1172,Mar-24,9,Business Banking,Occupancy,Security,Various Suppliers,8381.68,8680.88,-299.2,-3.45,On Track,A.Johnson,
TXN-1173,Mar-24,9,Markets,Staff Costs,Superannuation,REST Super,83802.32,76340.26,7462.06,9.77,Monitor,M.Chen,
TXN-1174,Nov-23,5,Insurance,Technology,Hardware,Various Suppliers,10195.24,9191.48,1003.76,10.92,Monitor,A.Johnson,
TXN-1175,Sep-23,3,Wealth Management,Professional Fees,Compliance,Various Suppliers,25010.49,26677.96,-1667.47,-6.25,Monitor,S.Patel,
TXN-1176,Aug-23,2,IT,Operations,Postage,Various Suppliers,715.53,775.8,-60.27,-7.77,Monitor,S.Patel,
TXN-1177,Apr-24,10,IT,Marketing,Print,Various Suppliers,3829.42,3756.69,72.73,1.94,On Track,S.Patel,
TXN-1178,Sep-23,3,Risk,Professional Fees,Consulting,McKinsey,22468.47,20697.34,1771.13,8.56,Monitor,A.Johnson,
TXN-1179,Apr-24,10,IT,Marketing,Advertising,oOh!media,10511.03,11027.76,-516.73,-4.69,On Track,M.Chen,
TXN-1180,Dec-23,6,Wealth Management,Staff Costs,Benefits,Various Suppliers,48856.57,45865.61,2990.96,6.52,Monitor,S.Patel,
TXN-1181,Dec-23,6,Wealth Management,Technology,Software Licenses,Salesforce,8283.16,7742.27,540.89,6.99,Monitor,M.Chen,
TXN-1182,May-24,11,Business Banking,Technology,IT Support,Various Suppliers,21492.81,22609.91,-1117.1,-4.94,On Track,A.Johnson,
TXN-1183,May-24,11,Risk,Operations,Subscriptions,Various Suppliers,10438.84,10704.44,-265.6,-2.48,On Track,M.Chen,
TXN-1184,Feb-24,8,Business Banking,Professional Fees,Advisory,Various Suppliers,36853.19,37527.01,-673.82,-1.8,On Track,S.Patel,
TXN-1185,Mar-24,9,Business Banking,Occupancy,Security,Various Suppliers,3714.54,3617.02,97.52,2.7,On Track,S.Patel,
TXN-1186,Aug-23,2,Business Banking,Marketing,Sponsorship,Various Suppliers,5821.18,5884.42,-63.24,-1.07,On Track,J.Smith,
TXN-1187,Feb-24,8,Risk,Operations,Printing,Various Suppliers,7457.57,7459.61,-2.04,-0.03,On Track,J.Smith,
TXN-1188,Feb-24,8,Business Banking,Occupancy,Rent,Charter Hall,15276.41,13868.36,1408.05,10.15,Monitor,A.Johnson,
TXN-1189,Feb-24,8,Finance,Marketing,Sponsorship,Various Suppliers,4684.83,5076.42,-391.59,-7.71,Monitor,A.Johnson,
TXN-1190,Jan-24,7,Operations,Operations,Subscriptions,Various Suppliers,9576.11,9858.23,-282.12,-2.86,On Track,J.Smith,
TXN-1191,Dec-23,6,Business Banking,Marketing,Print,Various Suppliers,3397.95,3636.87,-238.92,-6.57,Monitor,R.Wong,
TXN-1192,Sep-23,3,Operations,Staff Costs,Benefits,Various Suppliers,78589.48,75606.72,2982.76,3.95,On Track,A.Johnson,
TXN-1193,Sep-23,3,Risk,Operations,Postage,Various Suppliers,6927.6,7126.41,-198.81,-2.79,On Track,S.Patel,
TXN-1194,Sep-23,3,Finance,Staff Costs,Recruitment,Various Suppliers,9403.75,9044.27,359.48,3.97,On Track,M.Chen,
TXN-1195,Dec-23,6,HR,Technology,Cloud Services,AWS,5606.05,5377.09,228.96,4.26,On Track,J.Smith,
TXN-1196,Mar-24,9,Finance,Operations,Subscriptions,Various Suppliers,8112.19,8722.86,-610.67,-7.0,Monitor,R.Wong,
TXN-1197,Sep-23,3,Risk,Professional Fees,Audit Fees,KPMG,12233.84,12705.69,-471.85,-3.71,On Track,R.Wong,
TXN-1198,Sep-23,3,HR,Staff Costs,Recruitment,Various Suppliers,60079.95,56926.12,3153.83,5.54,Monitor,A.Johnson,
TXN-1199,Apr-24,10,Markets,Operations,Entertainment,Various Suppliers,6641.13,6388.06,253.07,3.96,On Track,A.Johnson,
TXN-1200,Oct-23,4,Operations,Operations,Subscriptions,Various Suppliers,5809.32,5555.77,253.55,4.56,On Track,A.Johnson,
TXN-1201,Mar-24,9,Finance,Professional Fees,Audit Fees,KPMG,37050.37,34370.88,2679.49,7.8,Monitor,S.Patel,
TXN-1202,Jul-23,1,HR,Occupancy,Cleaning,Various Suppliers,16516.62,16569.17,-52.55,-0.32,On Track,J.Smith,
TXN-1203,Nov-23,5,Business Banking,Technology,Hardware,Various Suppliers,25490.61,23692.75,1797.86,7.59,Monitor,A.Johnson,
TXN-1204,Aug-23,2,Insurance,Professional Fees,Consulting,McKinsey,21595.88,21148.65,447.23,2.11,On Track,S.Patel,
TXN-1205,Oct-23,4,IT,Staff Costs,Training,LinkedIn Learning,10170.44,11046.78,-876.34,-7.93,Monitor,S.Patel,
TXN-1206,Sep-23,3,Wealth Management,Staff Costs,Training,KPMG Training,61597.54,57147.64,4449.9,7.79,Monitor,A.Johnson,
TXN-1207,Feb-24,8,Risk,Staff Costs,Salaries,Payroll Direct,27706.14,29562.25,-1856.11,-6.28,Approved,R.Wong,
TXN-1208,Jun-24,12,Risk,Marketing,Print,Various Suppliers,9425.99,8931.39,494.6,5.54,Monitor,J.Smith,
TXN-1209,Jul-23,1,Insurance,Professional Fees,Compliance,Various Suppliers,7512.29,8018.15,-505.86,-6.31,Monitor,A.Johnson,
TXN-1210,Apr-24,10,Finance,Staff Costs,Benefits,Various Suppliers,63327.91,60684.25,2643.66,4.36,On Track,J.Smith,
TXN-1211,Apr-24,10,Operations,Technology,Cybersecurity,Various Suppliers,6463.82,6681.28,-217.46,-3.25,On Track,R.Wong,
TXN-1212,Dec-23,6,Business Banking,Marketing,Sponsorship,Various Suppliers,4990.22,4960.41,29.81,0.6,On Track,A.Johnson,
TXN-1213,Dec-23,6,Markets,Operations,Postage,Various Suppliers,9567.98,9270.99,296.99,3.2,On Track,J.Smith,
TXN-1214,Apr-24,10,Operations,Technology,Software Licenses,Adobe,15969.36,16970.67,-1001.31,-5.9,Monitor,M.Chen,
TXN-1215,May-24,11,HR,Operations,Entertainment,Various Suppliers,9832.22,8973.08,859.14,9.57,Monitor,A.Johnson,
TXN-1216,Jul-23,1,Markets,Technology,Software Licenses,Salesforce,24973.45,24052.41,921.04,3.83,On Track,S.Patel,
TXN-1217,Mar-24,9,IT,Marketing,Print,Various Suppliers,921.14,948.2,-27.06,-2.85,On Track,S.Patel,
TXN-1218,Dec-23,6,Retail Banking,Operations,Travel,Virgin Australia,1931.46,1880.48,50.98,2.71,On Track,A.Johnson,
TXN-1219,Jun-24,12,HR,Professional Fees,Consulting,Boston Consulting,24848.13,24835.82,12.31,0.05,On Track,R.Wong,
TXN-1220,Nov-23,5,Business Banking,Operations,Entertainment,Various Suppliers,5451.98,5991.83,-539.85,-9.01,Monitor,M.Chen,
TXN-1221,Mar-24,9,Markets,Occupancy,Rent,Dexus Property,9230.48,8853.21,377.27,4.26,On Track,A.Johnson,
TXN-1222,Apr-24,10,IT,Technology,IT Support,Various Suppliers,13348.94,13954.49,-605.55,-4.34,On Track,S.Patel,
TXN-1223,Apr-24,10,IT,Occupancy,Rent,Dexus Property,15752.49,15457.01,295.48,1.91,On Track,R.Wong,
TXN-1224,Jun-24,12,Wealth Management,Staff Costs,Superannuation,Hostplus,60212.84,59468.28,744.56,1.25,On Track,M.Chen,
TXN-1225,Aug-23,2,Insurance,Operations,Travel,Virgin Australia,4902.83,4968.77,-65.94,-1.33,On Track,R.Wong,
TXN-1226,Sep-23,3,HR,Occupancy,Maintenance,Various Suppliers,17498.6,17757.31,-258.71,-1.46,On Track,R.Wong,
TXN-1227,Dec-23,6,IT,Occupancy,Maintenance,Various Suppliers,21249.88,19235.02,2014.86,10.47,Monitor,M.Chen,
TXN-1228,Feb-24,8,Finance,Professional Fees,Compliance,Various Suppliers,15471.07,14729.36,741.71,5.04,Monitor,A.Johnson,
TXN-1229,Oct-23,4,Risk,Occupancy,Security,Various Suppliers,5330.11,5706.23,-376.12,-6.59,Monitor,A.Johnson,
TXN-1230,Sep-23,3,HR,Staff Costs,Training,Deloitte Academy,34751.75,31727.92,3023.83,9.53,Monitor,R.Wong,
TXN-1231,Nov-23,5,Markets,Technology,Cloud Services,Azure,14982.03,13847.48,1134.55,8.19,Monitor,M.Chen,
TXN-1232,Sep-23,3,Insurance,Professional Fees,Legal Fees,Allens,27160.86,26448.76,712.1,2.69,On Track,R.Wong,
TXN-1233,Sep-23,3,Risk,Staff Costs,Salaries,Payroll Direct,38658.32,40335.58,-1677.26,-4.16,Approved,A.Johnson,
TXN-1234,Mar-24,9,IT,Professional Fees,Compliance,Various Suppliers,10013.07,9646.65,366.42,3.8,On Track,J.Smith,
TXN-1235,Feb-24,8,HR,Operations,Subscriptions,Various Suppliers,1975.85,2105.88,-130.03,-6.17,Monitor,R.Wong,
TXN-1236,May-24,11,Risk,Technology,Cloud Services,Azure,14825.89,15917.7,-1091.81,-6.86,Monitor,J.Smith,
TXN-1237,Mar-24,9,Wealth Management,Occupancy,Utilities,AGL Energy,9130.55,9512.81,-382.26,-4.02,On Track,S.Patel,
TXN-1238,Mar-24,9,Markets,Staff Costs,Training,LinkedIn Learning,56899.4,57477.97,-578.57,-1.01,On Track,M.Chen,
TXN-1239,May-24,11,Markets,Marketing,Sponsorship,Various Suppliers,6279.59,5863.42,416.17,7.1,Monitor,R.Wong,
TXN-1240,Sep-23,3,Wealth Management,Operations,Subscriptions,Various Suppliers,10189.1,10318.74,-129.64,-1.26,On Track,J.Smith,
TXN-1241,Aug-23,2,Retail Banking,Operations,Subscriptions,Various Suppliers,7987.99,8414.48,-426.49,-5.07,Monitor,A.Johnson,
TXN-1242,Apr-24,10,Retail Banking,Professional Fees,Compliance,Various Suppliers,30676.29,29462.09,1214.2,4.12,On Track,M.Chen,
TXN-1243,May-24,11,IT,Occupancy,Security,Various Suppliers,16083.66,14983.8,1099.86,7.34,Monitor,A.Johnson,
TXN-1244,Feb-24,8,HR,Technology,Hardware,Various Suppliers,9783.44,10210.71,-427.27,-4.18,On Track,S.Patel,
TXN-1245,Jan-24,7,Wealth Management,Occupancy,Cleaning,Various Suppliers,9063.2,9002.43,60.77,0.68,On Track,S.Patel,
TXN-1246,Feb-24,8,Insurance,Technology,Software Licenses,Microsoft,9190.62,8977.67,212.95,2.37,On Track,R.Wong,
TXN-1247,Jan-24,7,Insurance,Technology,Hardware,Various Suppliers,6530.6,6085.66,444.94,7.31,Monitor,R.Wong,
TXN-1248,Feb-24,8,HR,Occupancy,Security,Various Suppliers,4710.93,4610.34,100.59,2.18,On Track,A.Johnson,
TXN-1249,Oct-23,4,Insurance,Marketing,Digital Marketing,Various Suppliers,1081.21,1080.11,1.1,0.1,On Track,A.Johnson,
TXN-1250,Nov-23,5,Finance,Staff Costs,Salaries,Payroll Direct,18312.99,17450.35,862.64,4.94,Approved,S.Patel,
TXN-1251,Jan-24,7,Operations,Staff Costs,Recruitment,Various Suppliers,51911.69,48741.5,3170.19,6.5,Monitor,R.Wong,
TXN-1252,Nov-23,5,Business Banking,Professional Fees,Compliance,Various Suppliers,35576.16,34008.82,1567.34,4.61,On Track,R.Wong,
TXN-1253,May-24,11,Risk,Staff Costs,Superannuation,AustralianSuper,38330.59,40591.31,-2260.72,-5.57,Monitor,S.Patel,
TXN-1254,Mar-24,9,Operations,Technology,Cloud Services,Google Cloud,14991.75,14991.98,-0.23,-0.0,On Track,J.Smith,
TXN-1255,Jul-23,1,Wealth Management,Operations,Travel,Virgin Australia,6472.33,6017.9,454.43,7.55,Monitor,R.Wong,
TXN-1256,Sep-23,3,Operations,Marketing,Digital Marketing,Various Suppliers,5018.98,5135.92,-116.94,-2.28,On Track,S.Patel,
TXN-1257,Apr-24,10,Operations,Marketing,Sponsorship,Various Suppliers,8650.51,8304.13,346.38,4.17,On Track,J.Smith,
TXN-1258,Dec-23,6,Operations,Operations,Postage,Various Suppliers,7212.57,7640.64,-428.07,-5.6,Monitor,J.Smith,
TXN-1259,Apr-24,10,HR,Occupancy,Cleaning,Various Suppliers,16706.6,16985.68,-279.08,-1.64,On Track,M.Chen,
TXN-1260,Mar-24,9,Risk,Professional Fees,Audit Fees,KPMG,6262.82,6824.23,-561.41,-8.23,Monitor,J.Smith,
TXN-1261,Oct-23,4,Retail Banking,Professional Fees,Consulting,Deloitte,11057.25,11478.53,-421.28,-3.67,On Track,A.Johnson,
TXN-1262,Mar-24,9,Risk,Professional Fees,Legal Fees,MinterEllison,10523.3,9907.35,615.95,6.22,Monitor,S.Patel,
TXN-1263,May-24,11,HR,Marketing,Print,Various Suppliers,11501.88,11409.09,92.79,0.81,On Track,R.Wong,
TXN-1264,Dec-23,6,Finance,Occupancy,Maintenance,Various Suppliers,6653.02,6315.74,337.28,5.34,Monitor,R.Wong,
TXN-1265,Nov-23,5,Insurance,Occupancy,Maintenance,Various Suppliers,16114.56,16079.12,35.44,0.22,On Track,A.Johnson,
TXN-1266,Dec-23,6,Finance,Operations,Travel,Virgin Australia,1901.55,1968.72,-67.17,-3.41,On Track,A.Johnson,
TXN-1267,Jan-24,7,Operations,Technology,Hardware,Various Suppliers,9122.2,9512.89,-390.69,-4.11,On Track,S.Patel,
TXN-1268,Feb-24,8,Markets,Operations,Entertainment,Various Suppliers,2823.78,2845.57,-21.79,-0.77,On Track,R.Wong,
TXN-1269,Jun-24,12,Markets,Technology,Software Licenses,Workday,21133.61,20031.63,1101.98,5.5,Monitor,J.Smith,
TXN-1270,May-24,11,Finance,Technology,Cloud Services,AWS,4155.25,4014.22,141.03,3.51,On Track,A.Johnson,
TXN-1271,Aug-23,2,Wealth Management,Staff Costs,Benefits,Various Suppliers,39331.87,42754.0,-3422.13,-8.0,Monitor,A.Johnson,
TXN-1272,Feb-24,8,Insurance,Occupancy,Maintenance,Various Suppliers,15272.06,16518.07,-1246.01,-7.54,Monitor,J.Smith,
TXN-1273,May-24,11,Risk,Technology,Cybersecurity,Various Suppliers,25700.59,24030.38,1670.21,6.95,Monitor,M.Chen,
TXN-1274,Jul-23,1,IT,Professional Fees,Audit Fees,Deloitte,40069.73,36137.02,3932.71,10.88,Monitor,R.Wong,
TXN-1275,Apr-24,10,Business Banking,Occupancy,Maintenance,Various Suppliers,21792.89,21981.62,-188.73,-0.86,On Track,A.Johnson,
TXN-1276,Sep-23,3,Finance,Professional Fees,Consulting,Boston Consulting,37352.56,36087.68,1264.88,3.51,On Track,A.Johnson,
TXN-1277,May-24,11,Markets,Operations,Printing,Various Suppliers,8971.11,9492.81,-521.7,-5.5,Monitor,R.Wong,
TXN-1278,May-24,11,Insurance,Technology,Cybersecurity,Various Suppliers,23415.23,23486.79,-71.56,-0.3,On Track,J.Smith,
TXN-1279,Jan-24,7,Business Banking,Technology,Cloud Services,Azure,10075.44,9567.73,507.71,5.31,Monitor,S.Patel,
TXN-1280,Jan-24,7,Insurance,Professional Fees,Consulting,Accenture,17077.83,17839.1,-761.27,-4.27,On Track,J.Smith,
TXN-1281,Nov-23,5,Operations,Operations,Printing,Various Suppliers,8179.54,8122.93,56.61,0.7,On Track,M.Chen,
TXN-1282,Jan-24,7,Finance,Operations,Travel,Airbnb Business,1850.28,2004.27,-153.99,-7.68,Monitor,S.Patel,
TXN-1283,Dec-23,6,Risk,Technology,Cloud Services,AWS,14171.82,14044.21,127.61,0.91,On Track,R.Wong,
TXN-1284,Dec-23,6,IT,Operations,Subscriptions,Various Suppliers,9209.53,9765.78,-556.25,-5.7,Monitor,M.Chen,
TXN-1285,Oct-23,4,Risk,Staff Costs,Benefits,Various Suppliers,48669.33,47323.96,1345.37,2.84,On Track,R.Wong,
TXN-1286,Aug-23,2,Retail Banking,Marketing,Sponsorship,Various Suppliers,7086.07,6589.84,496.23,7.53,Monitor,S.Patel,
TXN-1287,Mar-24,9,HR,Staff Costs,Superannuation,Hostplus,52902.37,48574.34,4328.03,8.91,Monitor,R.Wong,
TXN-1288,Feb-24,8,Retail Banking,Professional Fees,Audit Fees,EY,23271.94,21213.48,2058.46,9.7,Monitor,A.Johnson,
TXN-1289,May-24,11,Markets,Operations,Postage,Various Suppliers,3426.26,3085.7,340.56,11.04,Monitor,M.Chen,
TXN-1290,Apr-24,10,Business Banking,Staff Costs,Recruitment,Various Suppliers,61929.64,62439.49,-509.85,-0.82,On Track,J.Smith,
TXN-1291,Aug-23,2,HR,Staff Costs,Training,KPMG Training,21858.56,20264.76,1593.8,7.86,Monitor,A.Johnson,
TXN-1292,Dec-23,6,IT,Professional Fees,Advisory,Various Suppliers,8210.0,8972.13,-762.13,-8.49,Monitor,R.Wong,
TXN-1293,Sep-23,3,Operations,Staff Costs,Superannuation,Hostplus,38265.51,35413.56,2851.95,8.05,Monitor,M.Chen,
TXN-1294,Jul-23,1,Retail Banking,Occupancy,Security,Various Suppliers,13106.74,13954.38,-847.64,-6.07,Monitor,M.Chen,
TXN-1295,Feb-24,8,Operations,Technology,Hardware,Various Suppliers,26341.37,27526.86,-1185.49,-4.31,On Track,J.Smith,
TXN-1296,Jul-23,1,IT,Marketing,Advertising,Meta,2869.94,2640.86,229.08,8.67,Monitor,J.Smith,
TXN-1297,Feb-24,8,Risk,Operations,Postage,Various Suppliers,9016.22,8839.98,176.24,1.99,On Track,M.Chen,
TXN-1298,Mar-24,9,Insurance,Staff Costs,Superannuation,Hostplus,84498.22,80005.64,4492.58,5.62,Monitor,R.Wong,
TXN-1299,Dec-23,6,Risk,Marketing,Digital Marketing,Various Suppliers,3970.29,3687.02,283.27,7.68,Monitor,R.Wong,
TXN-1300,Oct-23,4,IT,Occupancy,Maintenance,Various Suppliers,13577.64,13826.56,-248.92,-1.8,On Track,M.Chen,
TXN-1301,May-24,11,IT,Marketing,Print,Various Suppliers,11681.34,12713.0,-1031.66,-8.12,Monitor,A.Johnson,
TXN-1302,Mar-24,9,Operations,Operations,Entertainment,Various Suppliers,2216.0,2161.25,54.75,2.53,On Track,R.Wong,
TXN-1303,Feb-24,8,Insurance,Technology,Hardware,Various Suppliers,22853.07,24748.69,-1895.62,-7.66,Monitor,R.Wong,
TXN-1304,Jan-24,7,IT,Marketing,Sponsorship,Various Suppliers,4966.82,4723.44,243.38,5.15,Monitor,S.Patel,
TXN-1305,May-24,11,Business Banking,Professional Fees,Consulting,McKinsey,26425.42,28166.36,-1740.94,-6.18,Monitor,J.Smith,
TXN-1306,Nov-23,5,IT,Operations,Subscriptions,Various Suppliers,10546.64,9888.87,657.77,6.65,Monitor,R.Wong,
TXN-1307,Jun-24,12,Finance,Technology,IT Support,Various Suppliers,24541.06,23721.21,819.85,3.46,On Track,J.Smith,
TXN-1308,Oct-23,4,Insurance,Operations,Postage,Various Suppliers,11016.07,11447.08,-431.01,-3.77,On Track,M.Chen,
TXN-1309,Jan-24,7,Insurance,Marketing,Digital Marketing,Various Suppliers,4877.61,4910.44,-32.83,-0.67,On Track,S.Patel,
TXN-1310,Nov-23,5,Markets,Occupancy,Cleaning,Various Suppliers,11854.08,12572.0,-717.92,-5.71,Monitor,A.Johnson,
TXN-1311,Dec-23,6,Insurance,Occupancy,Maintenance,Various Suppliers,3868.59,4150.29,-281.7,-6.79,Monitor,M.Chen,
TXN-1312,Jul-23,1,Markets,Marketing,Sponsorship,Various Suppliers,3894.71,3658.06,236.65,6.47,Monitor,M.Chen,
TXN-1313,Jan-24,7,Risk,Technology,IT Support,Various Suppliers,8319.16,8854.23,-535.07,-6.04,Monitor,A.Johnson,
TXN-1314,Feb-24,8,Wealth Management,Operations,Travel,Qantas,2109.52,2129.16,-19.64,-0.92,On Track,M.Chen,
TXN-1315,Mar-24,9,Retail Banking,Marketing,Advertising,Google Ads,11369.66,11752.17,-382.51,-3.25,On Track,J.Smith,
TXN-1316,Jan-24,7,Wealth Management,Operations,Printing,Various Suppliers,8632.45,7784.99,847.46,10.89,Monitor,R.Wong,
TXN-1317,Feb-24,8,Operations,Staff Costs,Benefits,Various Suppliers,58764.89,53073.3,5691.59,10.72,Monitor,R.Wong,
TXN-1318,Mar-24,9,IT,Staff Costs,Salaries,Payroll Direct,49251.83,47150.63,2101.2,4.46,Approved,R.Wong,
TXN-1319,Jun-24,12,IT,Technology,Software Licenses,Microsoft,15396.21,14598.59,797.62,5.46,Monitor,R.Wong,
TXN-1320,Mar-24,9,Markets,Occupancy,Maintenance,Various Suppliers,4501.37,4914.86,-413.49,-8.41,Monitor,A.Johnson,
TXN-1321,Apr-24,10,Insurance,Operations,Printing,Various Suppliers,8366.48,8948.56,-582.08,-6.5,Monitor,J.Smith,
TXN-1322,Aug-23,2,IT,Professional Fees,Advisory,Various Suppliers,7244.6,6533.83,710.77,10.88,Monitor,M.Chen,
TXN-1323,Aug-23,2,HR,Professional Fees,Consulting,McKinsey,40791.65,44211.23,-3419.58,-7.73,Monitor,M.Chen,
TXN-1324,Oct-23,4,Risk,Professional Fees,Consulting,McKinsey,41966.37,43514.33,-1547.96,-3.56,On Track,S.Patel,
TXN-1325,Mar-24,9,Risk,Operations,Postage,Various Suppliers,11180.81,10765.97,414.84,3.85,On Track,M.Chen,
TXN-1326,Apr-24,10,Wealth Management,Operations,Entertainment,Various Suppliers,3941.68,3992.1,-50.42,-1.26,On Track,R.Wong,
TXN-1327,Jan-24,7,Finance,Occupancy,Security,Various Suppliers,18019.46,18701.71,-682.25,-3.65,On Track,J.Smith,
TXN-1328,Mar-24,9,Operations,Staff Costs,Salaries,Payroll Direct,25875.09,23680.98,2194.11,9.27,Approved,R.Wong,
TXN-1329,Apr-24,10,Risk,Professional Fees,Consulting,McKinsey,30364.92,32086.9,-1721.98,-5.37,Monitor,A.Johnson,
TXN-1330,Feb-24,8,Insurance,Occupancy,Cleaning,Various Suppliers,11205.11,11607.81,-402.7,-3.47,On Track,A.Johnson,
TXN-1331,Aug-23,2,Risk,Occupancy,Utilities,Sydney Water,4396.63,4192.6,204.03,4.87,On Track,A.Johnson,
TXN-1332,Jun-24,12,Wealth Management,Operations,Entertainment,Various Suppliers,4648.05,4268.32,379.73,8.9,Monitor,S.Patel,
TXN-1333,Feb-24,8,Operations,Occupancy,Rent,Dexus Property,4658.65,4594.34,64.31,1.4,On Track,R.Wong,
TXN-1334,Mar-24,9,Finance,Professional Fees,Legal Fees,Herbert Smith Freehills,8584.75,8677.84,-93.09,-1.07,On Track,R.Wong,
TXN-1335,Apr-24,10,Operations,Professional Fees,Legal Fees,Allens,21552.4,22755.75,-1203.35,-5.29,Monitor,R.Wong,
TXN-1336,Oct-23,4,Risk,Marketing,Events,Various Suppliers,2449.27,2336.07,113.2,4.85,On Track,S.Patel,
TXN-1337,Feb-24,8,Wealth Management,Staff Costs,Superannuation,REST Super,29249.06,28077.65,1171.41,4.17,On Track,J.Smith,
TXN-1338,Dec-23,6,Markets,Technology,IT Support,Various Suppliers,13633.33,12639.43,993.9,7.86,Monitor,J.Smith,
TXN-1339,Jan-24,7,Operations,Marketing,Print,Various Suppliers,5562.56,5485.37,77.19,1.41,On Track,R.Wong,
TXN-1340,Sep-23,3,Markets,Occupancy,Cleaning,Various Suppliers,12101.19,11321.0,780.19,6.89,Monitor,A.Johnson,
TXN-1341,Dec-23,6,Markets,Operations,Entertainment,Various Suppliers,4247.69,4061.05,186.64,4.6,On Track,A.Johnson,
TXN-1342,Dec-23,6,Business Banking,Marketing,Events,Various Suppliers,8339.7,8423.26,-83.56,-0.99,On Track,A.Johnson,
TXN-1343,Jun-24,12,Insurance,Professional Fees,Consulting,McKinsey,37758.62,39991.34,-2232.72,-5.58,Monitor,A.Johnson,
TXN-1344,May-24,11,HR,Technology,Hardware,Various Suppliers,8196.06,7629.13,566.93,7.43,Monitor,A.Johnson,
TXN-1345,Jan-24,7,Business Banking,Professional Fees,Compliance,Various Suppliers,28289.76,28484.21,-194.45,-0.68,On Track,A.Johnson,
TXN-1346,Mar-24,9,Retail Banking,Occupancy,Cleaning,Various Suppliers,5078.02,4822.32,255.7,5.3,Monitor,S.Patel,
TXN-1347,Sep-23,3,Risk,Staff Costs,Benefits,Various Suppliers,82444.46,79667.68,2776.78,3.49,On Track,A.Johnson,
TXN-1348,Aug-23,2,Retail Banking,Staff Costs,Training,LinkedIn Learning,47322.07,47499.98,-177.91,-0.37,On Track,R.Wong,
TXN-1349,Jun-24,12,Risk,Technology,IT Support,Various Suppliers,11865.06,12511.33,-646.27,-5.17,Monitor,R.Wong,
TXN-1350,Jun-24,12,Finance,Technology,Hardware,Various Suppliers,14293.43,13708.63,584.8,4.27,On Track,J.Smith,
TXN-1351,Aug-23,2,Wealth Management,Occupancy,Maintenance,Various Suppliers,11651.32,10968.24,683.08,6.23,Monitor,A.Johnson,
TXN-1352,Dec-23,6,HR,Staff Costs,Recruitment,Various Suppliers,32556.03,31255.51,1300.52,4.16,On Track,J.Smith,
TXN-1353,Jul-23,1,Operations,Operations,Postage,Various Suppliers,11194.11,11732.52,-538.41,-4.59,On Track,R.Wong,
TXN-1354,Sep-23,3,Finance,Technology,Hardware,Various Suppliers,26899.26,25456.68,1442.58,5.67,Monitor,A.Johnson,
TXN-1355,May-24,11,Wealth Management,Technology,IT Support,Various Suppliers,2273.6,2325.49,-51.89,-2.23,On Track,M.Chen,
TXN-1356,Feb-24,8,Risk,Professional Fees,Advisory,Various Suppliers,33189.42,31236.45,1952.97,6.25,Monitor,J.Smith,
TXN-1357,Apr-24,10,Business Banking,Marketing,Events,Various Suppliers,4248.83,4212.76,36.07,0.86,On Track,S.Patel,
TXN-1358,May-24,11,HR,Marketing,Digital Marketing,Various Suppliers,7530.05,7661.08,-131.03,-1.71,On Track,S.Patel,
TXN-1359,Dec-23,6,HR,Marketing,Events,Various Suppliers,11064.85,11264.39,-199.54,-1.77,On Track,M.Chen,
TXN-1360,Dec-23,6,Business Banking,Technology,Hardware,Various Suppliers,6350.68,6596.37,-245.69,-3.72,On Track,R.Wong,
TXN-1361,Jan-24,7,IT,Marketing,Events,Various Suppliers,5364.95,5350.65,14.3,0.27,On Track,R.Wong,
TXN-1362,Jun-24,12,Wealth Management,Marketing,Events,Various Suppliers,3821.6,3582.44,239.16,6.68,Monitor,A.Johnson,
TXN-1363,Apr-24,10,Retail Banking,Occupancy,Rent,GPT Group,5594.16,5946.83,-352.67,-5.93,Monitor,R.Wong,
TXN-1364,Mar-24,9,HR,Professional Fees,Advisory,Various Suppliers,33405.69,33030.56,375.13,1.14,On Track,M.Chen,
TXN-1365,Aug-23,2,Risk,Staff Costs,Superannuation,REST Super,10517.52,9938.73,578.79,5.82,Monitor,S.Patel,
TXN-1366,Sep-23,3,HR,Marketing,Print,Various Suppliers,7086.21,6757.25,328.96,4.87,On Track,R.Wong,
TXN-1367,Dec-23,6,Finance,Staff Costs,Recruitment,Various Suppliers,84212.73,77516.41,6696.32,8.64,Monitor,M.Chen,
TXN-1368,Nov-23,5,Retail Banking,Professional Fees,Consulting,Accenture,39487.99,36226.15,3261.84,9.0,Monitor,J.Smith,
TXN-1369,Oct-23,4,Insurance,Operations,Subscriptions,Various Suppliers,10402.06,10631.45,-229.39,-2.16,On Track,A.Johnson,
TXN-1370,Sep-23,3,Risk,Technology,Cloud Services,AWS,22844.17,23164.33,-320.16,-1.38,On Track,R.Wong,
TXN-1371,Nov-23,5,Risk,Marketing,Events,Various Suppliers,11758.5,11270.84,487.66,4.33,On Track,R.Wong,
TXN-1372,Nov-23,5,Finance,Operations,Postage,Various Suppliers,11571.88,12233.08,-661.2,-5.41,Monitor,J.Smith,
TXN-1373,Nov-23,5,Wealth Management,Operations,Printing,Various Suppliers,2181.8,2104.17,77.63,3.69,On Track,M.Chen,
TXN-1374,May-24,11,IT,Professional Fees,Audit Fees,Deloitte,30112.51,29360.74,751.77,2.56,On Track,J.Smith,
TXN-1375,May-24,11,Business Banking,Professional Fees,Compliance,Various Suppliers,32788.14,35262.45,-2474.31,-7.02,Monitor,A.Johnson,
TXN-1376,Feb-24,8,Operations,Marketing,Advertising,Google Ads,8905.72,8831.71,74.01,0.84,On Track,S.Patel,
TXN-1377,Aug-23,2,Finance,Professional Fees,Audit Fees,EY,37993.91,37953.75,40.16,0.11,On Track,S.Patel,
TXN-1378,Nov-23,5,Operations,Marketing,Sponsorship,Various Suppliers,7010.63,6990.07,20.56,0.29,On Track,S.Patel,
TXN-1379,May-24,11,Retail Banking,Staff Costs,Salaries,Payroll Direct,9253.66,10048.43,-794.77,-7.91,Approved,M.Chen,
TXN-1380,Feb-24,8,HR,Staff Costs,Recruitment,Various Suppliers,84668.44,91601.21,-6932.77,-7.57,Monitor,S.Patel,
TXN-1381,Sep-23,3,Markets,Staff Costs,Training,KPMG Training,14346.38,14818.4,-472.02,-3.19,On Track,M.Chen,
TXN-1382,Jul-23,1,IT,Operations,Travel,Airbnb Business,8543.58,8089.31,454.27,5.62,Monitor,J.Smith,
TXN-1383,Jun-24,12,Business Banking,Staff Costs,Superannuation,REST Super,14001.28,14263.61,-262.33,-1.84,On Track,R.Wong,
TXN-1384,May-24,11,HR,Staff Costs,Salaries,Payroll Direct,70917.4,77841.14,-6923.74,-8.89,Approved,A.Johnson,
TXN-1385,Jun-24,12,Wealth Management,Professional Fees,Legal Fees,Herbert Smith Freehills,20322.8,21260.75,-937.95,-4.41,On Track,J.Smith,
TXN-1386,Aug-23,2,Operations,Occupancy,Maintenance,Various Suppliers,10271.7,10915.46,-643.76,-5.9,Monitor,M.Chen,
TXN-1387,May-24,11,Wealth Management,Staff Costs,Benefits,Various Suppliers,54994.58,51300.23,3694.35,7.2,Monitor,S.Patel,
TXN-1388,Jun-24,12,Insurance,Operations,Printing,Various Suppliers,7584.87,7497.47,87.4,1.17,On Track,M.Chen,
TXN-1389,Aug-23,2,Business Banking,Technology,Software Licenses,Workday,20845.24,20226.28,618.96,3.06,On Track,A.Johnson,
TXN-1390,Dec-23,6,Wealth Management,Technology,Hardware,Various Suppliers,8076.43,8239.57,-163.14,-1.98,On Track,R.Wong,
TXN-1391,Nov-23,5,Retail Banking,Operations,Travel,Qantas,6454.11,6466.4,-12.29,-0.19,On Track,A.Johnson,
TXN-1392,Nov-23,5,Retail Banking,Technology,IT Support,Various Suppliers,4487.71,4487.34,0.37,0.01,On Track,R.Wong,
TXN-1393,Aug-23,2,Finance,Staff Costs,Training,KPMG Training,18162.68,19473.35,-1310.67,-6.73,Monitor,R.Wong,
TXN-1394,Jan-24,7,Operations,Marketing,Events,Various Suppliers,11476.21,12096.77,-620.56,-5.13,Monitor,J.Smith,
TXN-1395,Apr-24,10,Business Banking,Staff Costs,Training,LinkedIn Learning,11066.67,10093.84,972.83,9.64,Monitor,A.Johnson,
TXN-1396,Mar-24,9,Markets,Operations,Subscriptions,Various Suppliers,5371.12,5266.14,104.98,1.99,On Track,R.Wong,
TXN-1397,Mar-24,9,Risk,Technology,Hardware,Various Suppliers,9712.53,9734.49,-21.96,-0.23,On Track,M.Chen,
TXN-1398,Sep-23,3,Finance,Occupancy,Security,Various Suppliers,8893.22,8782.03,111.19,1.27,On Track,M.Chen,
TXN-1399,Jul-23,1,Insurance,Staff Costs,Recruitment,Various Suppliers,42909.63,43843.62,-933.99,-2.13,On Track,S.Patel,
TXN-1400,May-24,11,Wealth Management,Staff Costs,Salaries,Payroll Direct,62015.47,57845.95,4169.52,7.21,Approved,S.Patel,
TXN-1401,Mar-24,9,Finance,Operations,Travel,Qantas,4776.5,5015.11,-238.61,-4.76,On Track,S.Patel,
TXN-1402,Jun-24,12,Business Banking,Staff Costs,Training,KPMG Training,28942.51,26417.98,2524.53,9.56,Monitor,R.Wong,
TXN-1403,May-24,11,Business Banking,Professional Fees,Advisory,Various Suppliers,7217.56,7736.3,-518.74,-6.71,Monitor,M.Chen,
TXN-1404,Dec-23,6,Wealth Management,Occupancy,Rent,Charter Hall,15808.29,14592.11,1216.18,8.33,Monitor,R.Wong,
TXN-1405,Jul-23,1,Retail Banking,Staff Costs,Superannuation,AustralianSuper,44325.87,43288.46,1037.41,2.4,On Track,M.Chen,
TXN-1406,Sep-23,3,Retail Banking,Marketing,Print,Various Suppliers,4200.72,4130.36,70.36,1.7,On Track,S.Patel,
TXN-1407,Nov-23,5,Business Banking,Marketing,Digital Marketing,Various Suppliers,6273.47,6777.78,-504.31,-7.44,Monitor,M.Chen,
TXN-1408,Oct-23,4,Finance,Staff Costs,Recruitment,Various Suppliers,75528.33,81057.49,-5529.16,-6.82,Monitor,S.Patel,
TXN-1409,Dec-23,6,Business Banking,Marketing,Print,Various Suppliers,4742.57,4544.9,197.67,4.35,On Track,S.Patel,
TXN-1410,Jun-24,12,Risk,Technology,IT Support,Various Suppliers,17179.81,17157.0,22.81,0.13,On Track,M.Chen,
TXN-1411,Jun-24,12,Finance,Technology,Cloud Services,AWS,26208.53,23713.01,2495.52,10.52,Monitor,R.Wong,
TXN-1412,Dec-23,6,Retail Banking,Occupancy,Rent,Charter Hall,10149.22,10632.49,-483.27,-4.55,On Track,S.Patel,
TXN-1413,Aug-23,2,Insurance,Marketing,Events,Various Suppliers,6158.33,5616.27,542.06,9.65,Monitor,M.Chen,
TXN-1414,Jun-24,12,Markets,Staff Costs,Salaries,Payroll Direct,77091.14,77395.79,-304.65,-0.39,Approved,S.Patel,
TXN-1415,Feb-24,8,Business Banking,Marketing,Advertising,Meta,7827.98,7662.58,165.4,2.16,On Track,R.Wong,
TXN-1416,Apr-24,10,Retail Banking,Professional Fees,Audit Fees,KPMG,16667.04,17836.78,-1169.74,-6.56,Monitor,A.Johnson,
TXN-1417,Jun-24,12,Operations,Occupancy,Security,Various Suppliers,7438.61,8098.5,-659.89,-8.15,Monitor,M.Chen,
TXN-1418,Apr-24,10,Business Banking,Technology,Software Licenses,Salesforce,13413.52,12914.63,498.89,3.86,On Track,J.Smith,
TXN-1419,Mar-24,9,Operations,Technology,IT Support,Various Suppliers,13778.68,14750.03,-971.35,-6.59,Monitor,J.Smith,
TXN-1420,Sep-23,3,Markets,Operations,Subscriptions,Various Suppliers,2972.74,3184.74,-212.0,-6.66,Monitor,M.Chen,
TXN-1421,Aug-23,2,Insurance,Occupancy,Security,Various Suppliers,15866.48,15105.42,761.06,5.04,Monitor,M.Chen,
TXN-1422,Jul-23,1,IT,Professional Fees,Compliance,Various Suppliers,8789.01,8089.24,699.77,8.65,Monitor,M.Chen,
TXN-1423,Aug-23,2,Retail Banking,Staff Costs,Superannuation,AustralianSuper,23256.24,22793.82,462.42,2.03,On Track,J.Smith,
TXN-1424,Apr-24,10,Risk,Occupancy,Rent,Dexus Property,21946.07,20619.43,1326.64,6.43,Monitor,A.Johnson,
TXN-1425,Sep-23,3,Business Banking,Occupancy,Rent,Dexus Property,20903.33,19024.7,1878.63,9.87,Monitor,R.Wong,
TXN-1426,Jan-24,7,IT,Professional Fees,Legal Fees,Allens,32328.52,30212.99,2115.53,7.0,Monitor,M.Chen,
TXN-1427,Sep-23,3,Markets,Occupancy,Security,Various Suppliers,3658.34,3745.54,-87.2,-2.33,On Track,M.Chen,
TXN-1428,May-24,11,Markets,Professional Fees,Advisory,Various Suppliers,7439.16,7111.5,327.66,4.61,On Track,M.Chen,
TXN-1429,Jan-24,7,Insurance,Operations,Subscriptions,Various Suppliers,7753.68,8222.26,-468.58,-5.7,Monitor,J.Smith,
TXN-1430,Jan-24,7,Operations,Professional Fees,Compliance,Various Suppliers,18761.36,19007.7,-246.34,-1.3,On Track,S.Patel,
TXN-1431,Jan-24,7,Markets,Technology,Software Licenses,Adobe,17323.58,15692.75,1630.83,10.39,Monitor,S.Patel,
TXN-1432,Jul-23,1,HR,Marketing,Digital Marketing,Various Suppliers,11700.77,10765.02,935.75,8.69,Monitor,M.Chen,
TXN-1433,Nov-23,5,Finance,Operations,Postage,Various Suppliers,7120.46,7807.82,-687.36,-8.8,Monitor,A.Johnson,
TXN-1434,Dec-23,6,Wealth Management,Technology,Cloud Services,Google Cloud,9927.12,10399.86,-472.74,-4.55,On Track,S.Patel,
TXN-1435,Apr-24,10,Retail Banking,Operations,Travel,Airbnb Business,6981.47,7069.59,-88.12,-1.25,On Track,M.Chen,
TXN-1436,Feb-24,8,Finance,Occupancy,Utilities,Origin Energy,3721.31,3390.98,330.33,9.74,Monitor,R.Wong,
TXN-1437,Oct-23,4,Retail Banking,Marketing,Print,Various Suppliers,4314.94,4413.44,-98.5,-2.23,On Track,M.Chen,
TXN-1438,Dec-23,6,Wealth Management,Occupancy,Rent,Dexus Property,5806.53,6044.25,-237.72,-3.93,On Track,M.Chen,
TXN-1439,Aug-23,2,Finance,Occupancy,Rent,GPT Group,16386.22,16917.59,-531.37,-3.14,On Track,R.Wong,
TXN-1440,Aug-23,2,Operations,Occupancy,Maintenance,Various Suppliers,21541.35,22542.39,-1001.04,-4.44,On Track,A.Johnson,
TXN-1441,May-24,11,HR,Operations,Travel,Qantas,8632.6,8739.61,-107.01,-1.22,On Track,R.Wong,
TXN-1442,Dec-23,6,Insurance,Operations,Subscriptions,Various Suppliers,4851.42,5078.46,-227.04,-4.47,On Track,S.Patel,
TXN-1443,Sep-23,3,Wealth Management,Operations,Postage,Various Suppliers,10283.71,10840.74,-557.03,-5.14,Monitor,R.Wong,
TXN-1444,Jul-23,1,Wealth Management,Marketing,Digital Marketing,Various Suppliers,7855.94,7233.92,622.02,8.6,Monitor,A.Johnson,
TXN-1445,Sep-23,3,Operations,Operations,Postage,Various Suppliers,4488.32,4326.31,162.01,3.74,On Track,J.Smith,
TXN-1446,Jun-24,12,Operations,Professional Fees,Legal Fees,Allens,13387.37,13904.59,-517.22,-3.72,On Track,S.Patel,
TXN-1447,Nov-23,5,Business Banking,Operations,Postage,Various Suppliers,4938.28,5167.99,-229.71,-4.44,On Track,M.Chen,
TXN-1448,Jan-24,7,HR,Professional Fees,Consulting,Deloitte,9057.14,9019.99,37.15,0.41,On Track,R.Wong,
TXN-1449,May-24,11,Insurance,Technology,IT Support,Various Suppliers,22678.66,20562.35,2116.31,10.29,Monitor,J.Smith,
TXN-1450,Dec-23,6,Markets,Staff Costs,Salaries,Payroll Direct,21098.1,20572.58,525.52,2.55,Approved,J.Smith,
TXN-1451,Mar-24,9,Business Banking,Occupancy,Cleaning,Various Suppliers,16385.59,16160.53,225.06,1.39,On Track,M.Chen,
TXN-1452,Apr-24,10,IT,Technology,Software Licenses,Microsoft,10274.01,11248.8,-974.79,-8.67,Monitor,A.Johnson,
TXN-1453,Jun-24,12,Finance,Operations,Subscriptions,Various Suppliers,8096.88,7768.8,328.08,4.22,On Track,J.Smith,
TXN-1454,Jul-23,1,IT,Marketing,Sponsorship,Various Suppliers,2266.28,2203.2,63.08,2.86,On Track,A.Johnson,
TXN-1455,Aug-23,2,Markets,Operations,Subscriptions,Various Suppliers,2796.26,2531.03,265.23,10.48,Monitor,M.Chen,
TXN-1456,May-24,11,Markets,Staff Costs,Recruitment,Various Suppliers,31743.21,31092.27,650.94,2.09,On Track,A.Johnson,
TXN-1457,May-24,11,Markets,Staff Costs,Benefits,Various Suppliers,22235.85,23950.2,-1714.35,-7.16,Monitor,S.Patel,
TXN-1458,Sep-23,3,HR,Staff Costs,Training,KPMG Training,43809.46,41410.82,2398.64,5.79,Monitor,S.Patel,
TXN-1459,Apr-24,10,Retail Banking,Technology,Software Licenses,Microsoft,19205.74,20389.51,-1183.77,-5.81,Monitor,A.Johnson,
TXN-1460,Apr-24,10,Insurance,Marketing,Advertising,oOh!media,9911.66,9750.36,161.3,1.65,On Track,R.Wong,
TXN-1461,May-24,11,HR,Marketing,Events,Various Suppliers,3936.8,3853.97,82.83,2.15,On Track,J.Smith,
TXN-1462,Mar-24,9,Risk,Marketing,Sponsorship,Various Suppliers,1883.24,1980.11,-96.87,-4.89,On Track,M.Chen,
TXN-1463,Sep-23,3,Insurance,Technology,Cloud Services,AWS,12719.43,13961.56,-1242.13,-8.9,Monitor,A.Johnson,
TXN-1464,Oct-23,4,Wealth Management,Marketing,Digital Marketing,Various Suppliers,10974.25,11883.3,-909.05,-7.65,Monitor,J.Smith,
TXN-1465,Aug-23,2,IT,Marketing,Print,Various Suppliers,10351.18,10391.94,-40.76,-0.39,On Track,J.Smith,
TXN-1466,Jun-24,12,Risk,Marketing,Sponsorship,Various Suppliers,1793.97,1668.26,125.71,7.54,Monitor,R.Wong,
TXN-1467,Apr-24,10,Risk,Staff Costs,Salaries,Payroll Direct,68502.41,73537.0,-5034.59,-6.85,Approved,S.Patel,
TXN-1468,Jan-24,7,Markets,Professional Fees,Advisory,Various Suppliers,6498.63,6206.73,291.9,4.7,On Track,M.Chen,
TXN-1469,Apr-24,10,Risk,Operations,Entertainment,Various Suppliers,5051.62,5434.49,-382.87,-7.05,Monitor,M.Chen,
TXN-1470,Jul-23,1,HR,Occupancy,Maintenance,Various Suppliers,9419.46,9972.67,-553.21,-5.55,Monitor,S.Patel,
TXN-1471,Nov-23,5,HR,Operations,Postage,Various Suppliers,2045.43,2239.43,-194.0,-8.66,Monitor,A.Johnson,
TXN-1472,Dec-23,6,Markets,Operations,Entertainment,Various Suppliers,2661.26,2507.65,153.61,6.13,Monitor,A.Johnson,
TXN-1473,Jun-24,12,HR,Marketing,Digital Marketing,Various Suppliers,6425.6,5987.34,438.26,7.32,Monitor,S.Patel,
TXN-1474,Jun-24,12,Finance,Professional Fees,Audit Fees,PwC,11949.49,12846.13,-896.64,-6.98,Monitor,M.Chen,
TXN-1475,Jul-23,1,Insurance,Staff Costs,Recruitment,Various Suppliers,78688.39,81908.85,-3220.46,-3.93,On Track,S.Patel,
TXN-1476,Dec-23,6,HR,Marketing,Print,Various Suppliers,8333.51,7903.4,430.11,5.44,Monitor,A.Johnson,
TXN-1477,Apr-24,10,HR,Technology,IT Support,Various Suppliers,10622.6,11339.95,-717.35,-6.33,Monitor,S.Patel,
TXN-1478,Jun-24,12,Business Banking,Occupancy,Rent,GPT Group,3943.37,4222.42,-279.05,-6.61,Monitor,M.Chen,
TXN-1479,Oct-23,4,Insurance,Operations,Printing,Various Suppliers,7993.25,8014.48,-21.23,-0.26,On Track,J.Smith,
TXN-1480,Feb-24,8,Wealth Management,Operations,Printing,Various Suppliers,3073.36,3139.96,-66.6,-2.12,On Track,S.Patel,
TXN-1481,Jun-24,12,Markets,Professional Fees,Advisory,Various Suppliers,23359.92,22043.4,1316.52,5.97,Monitor,S.Patel,
TXN-1482,May-24,11,Finance,Marketing,Print,Various Suppliers,584.5,642.88,-58.38,-9.08,Monitor,S.Patel,
TXN-1483,Mar-24,9,Risk,Marketing,Digital Marketing,Various Suppliers,8370.75,8340.18,30.57,0.37,On Track,S.Patel,
TXN-1484,Nov-23,5,Operations,Occupancy,Maintenance,Various Suppliers,6578.84,6601.59,-22.75,-0.34,On Track,M.Chen,
TXN-1485,Jul-23,1,Risk,Professional Fees,Consulting,Boston Consulting,33851.33,34903.43,-1052.1,-3.01,On Track,S.Patel,
TXN-1486,Nov-23,5,IT,Professional Fees,Advisory,Various Suppliers,28320.95,31123.33,-2802.38,-9.0,Monitor,M.Chen,
TXN-1487,Dec-23,6,Insurance,Operations,Subscriptions,Various Suppliers,10925.05,11300.58,-375.53,-3.32,On Track,R.Wong,
TXN-1488,Nov-23,5,Wealth Management,Operations,Subscriptions,Various Suppliers,3878.52,3855.85,22.67,0.59,On Track,S.Patel,
TXN-1489,Jun-24,12,Finance,Technology,Hardware,Various Suppliers,7389.72,6980.81,408.91,5.86,Monitor,S.Patel,
TXN-1490,Jan-24,7,Operations,Occupancy,Maintenance,Various Suppliers,11811.45,10908.54,902.91,8.28,Monitor,J.Smith,
TXN-1491,May-24,11,Risk,Marketing,Sponsorship,Various Suppliers,5930.53,5568.23,362.3,6.51,Monitor,J.Smith,
TXN-1492,May-24,11,IT,Marketing,Digital Marketing,Various Suppliers,1121.71,1201.18,-79.47,-6.62,Monitor,M.Chen,
TXN-1493,Oct-23,4,Operations,Professional Fees,Compliance,Various Suppliers,10728.97,11506.59,-777.62,-6.76,Monitor,M.Chen,
TXN-1494,Aug-23,2,HR,Occupancy,Utilities,Origin Energy,15055.48,13564.12,1491.36,10.99,Monitor,S.Patel,
TXN-1495,Oct-23,4,Wealth Management,Marketing,Events,Various Suppliers,9529.93,10063.13,-533.2,-5.3,Monitor,M.Chen,
TXN-1496,Apr-24,10,IT,Operations,Entertainment,Various Suppliers,5433.79,5409.23,24.56,0.45,On Track,J.Smith,
TXN-1497,Jul-23,1,Finance,Technology,Hardware,Various Suppliers,25138.17,26429.51,-1291.34,-4.89,On Track,R.Wong,
TXN-1498,Oct-23,4,Retail Banking,Operations,Postage,Various Suppliers,3102.06,3335.95,-233.89,-7.01,Monitor,S.Patel,
TXN-1499,Sep-23,3,Business Banking,Professional Fees,Compliance,Various Suppliers,11680.81,12437.36,-756.55,-6.08,Monitor,S.Patel,
TXN-1500,Nov-23,5,HR,Operations,Subscriptions,Various Suppliers,5487.15,5692.13,-204.98,-3.6,On Track,M.Chen,
